{"rewardData": [{"currentMeanReward": 449.38081836446236, "currentStdDeviation": 141.30335117536404, "brainName": "BrainWallJump"}]}