{"rewardData": [{"currentMeanReward": -0.7117645770680004, "currentStdDeviation": 0.4734161054872573, "brainName": "BrainSoccerGoalies"}]}