{"rewardData": [{"currentMeanReward": 0.37200414412884325, "currentStdDeviation": 0.7754197963022339, "brainName": "BrainWallJump"}]}