{"rewardData": [{"currentMeanReward": 0.5270904648827829, "currentStdDeviation": 0.445630709960392, "brainName": "BrainWallJump"}]}