{"rewardData": [{"currentMeanReward": 0.9065847146186885, "currentStdDeviation": 1.2821845252352002, "brainName": "BrainWallJump"}]}