{"rewardData": [{"currentMeanReward": 21.324336722053772, "currentStdDeviation": 21.411488534110514, "brainName": "BrainSwarm"}]}