{"rewardData": [{"currentMeanReward": 0.8210493414001494, "currentStdDeviation": 0.25135655044736455, "brainName": "BrainWallJump"}]}